pdb	Hchain	Lchain	model	antigen_chain	antigen_type	antigen_het_name	antigen_name	short_header	date	compound	organism	heavy_species	light_species	antigen_species	authors	resolution	method	r_free	r_factor	scfv	engineered	heavy_subclass	light_subclass	light_ctype	affinity	delta_g	affinity_method	temperature	pmid
6db8	H	L	0	R	nucleic-acid	NA	rna (60-mer)	RNA/IMMUNE SYSTEM	05/02/18	Structural basis for promiscuous binding and activation of fluorogenic dyes by DIR2s RNA aptamer	SYNTHETIC CONSTRUCT; SYNTHETIC CONSTRUCT	synthetic construct	synthetic construct	synthetic construct	Shao, Y., Shelke, S.A., Laski, A., Piccirilli, J.A.	1.86541	X-RAY DIFFRACTION	0.233	0.219	False	True	IGHV3	IGKV1	Kappa	None	None	None	None	None
6kdi	H	L	0	A	nucleic-acid	64T	5-HYDROXY-THYMIDINE-5'-MONOPHOSPHATE	IMMUNE SYSTEM	07/02/19	Antibody 64M-5 Fab including isoAsp in complex with dT(6-4)T	MUS MUSCULUS; SYNTHETIC CONSTRUCT	mus musculus	mus musculus	synthetic construct	Yokoyama, H., Mizutani, R., Noguchi, S., Hayashida, N.	2.7	X-RAY DIFFRACTION	0.259	0.210	False	False	IGHV1	IGKV1	Kappa	None	None	None	None	None
2fr4	H	L	0	N	nucleic-acid	NA	5'-d(*cp*tp*gp*cp*cp*tp*tp*cp*ap*g)-3'	IMMUNE SYSTEM/DNA	01/18/06	Structure of Fab DNA-1 complexed with a stem-loop DNA ligand	MUS MUSCULUS; SYNTHETIC CONSTRUCT	mus musculus	mus musculus		Tanner, J.J., Ou, Z.	1.95	X-RAY DIFFRACTION	0.256	0.207	False	True	IGHV1	IGKV12	Kappa	None	None	None	None	None
2fr4	B	A	0	M	nucleic-acid	NA	5'-d(*cp*tp*gp*cp*cp*tp*tp*cp*ap*g)-3'	IMMUNE SYSTEM/DNA	01/18/06	Structure of Fab DNA-1 complexed with a stem-loop DNA ligand	MUS MUSCULUS; SYNTHETIC CONSTRUCT	mus musculus	mus musculus		Tanner, J.J., Ou, Z.	1.95	X-RAY DIFFRACTION	0.256	0.207	False	True	IGHV1	IGKV12	Kappa	None	None	None	None	None
4z8f	H	L	0	E | A	nucleic-acid | nucleic-acid	NA | NA	5'-d(p*tp*tp*tp*tp*t)-3' | 5'-d(p*tp*tp*tp*tp*t)-3'	IMMUNE SYSTEM/DNA	04/08/15	Fab structure of antibody S1-15 in complex with ssDNA DNA, 5'-p5(dT)p-3'	MUS MUSCULUS; SYNTHETIC CONSTRUCT	mus musculus	mus musculus	 | 	Haji-Ghassemi, O., Evans, S.V.	1.75	X-RAY DIFFRACTION	0.240	0.208	False	False	IGHV10	IGKV10	Kappa	None	None	None	None	None
6b14	H	L	0	R	nucleic-acid	NA	rna (86-mer)	RNA/IMMUNE SYSTEM	09/16/17	Spinach RNA aptamer - Fab BL3-6 S to N mutant complex	MUS MUSCULUS; SYNTHETIC CONSTRUCT	mus musculus	mus musculus	synthetic construct	DasGupta, S., Shelke, S.A., Piccirilli, J.A.	1.64	X-RAY DIFFRACTION	0.227	0.212	False	True	IGHV3	IGKV1	Kappa	None	None	None	None	None
1keg	H	L	0	A	nucleic-acid	NA	5'-d(*tp*(64t)p*tp*t)-3'	IMMUNE SYSTEM/DNA	11/15/01	Antibody 64M-2 Fab complexed with dTT(6-4)TT	MUS MUSCULUS; SYNTHETIC CONSTRUCT	mus musculus	mus musculus		Yokoyama, H., Mizutani, R., Satow, Y., Sato, K., Komatsu, Y., Ohtsuka, E., Nikaido, O.	2.4	X-RAY DIFFRACTION	0.268	0.201	False	False	IGHV1	IGKV1	Kappa	None	None	None	None	None
2ok0	H	L	0	D	nucleic-acid	NA	5'-d(*tp*c)-3'	IMMUNE SYSTEM/DNA	01/15/07	Fab ED10-DNA complex	MUS MUSCULUS; SYNTHETIC CONSTRUCT	mus musculus	mus musculus		Stanfield, R.L., Sanguineti, S., Wilson, I.A., de Prat-Gay, G.	1.89	X-RAY DIFFRACTION	0.204	0.177	False	False	IGHV1	IGKV1	Kappa	None	None	None	None	None
5gkr	A	B	0	T	nucleic-acid	NA	dna (5'-d(p*tp*tp*tp*t)-3')	IMMUNE SYSTEM/DNA	07/05/16	Crystal structure of SLE patient-derived anti-DNA antibody in complex with oligonucleotide	HOMO SAPIENS; SYNTHETIC CONSTRUCT	homo sapiens	homo sapiens	homo sapiens	Arimori, T., Sakakibara, S., Kikutani, H., Takagi, J.	2.1	X-RAY DIFFRACTION	0.185	0.163	False	True	IGHV4	IGLV2	Lambda	None	None	None	None	None
5gkr	C	D	0	NA	NA	NA	NA	IMMUNE SYSTEM/DNA	07/05/16	Crystal structure of SLE patient-derived anti-DNA antibody in complex with oligonucleotide	HOMO SAPIENS; SYNTHETIC CONSTRUCT	homo sapiens	homo sapiens		Arimori, T., Sakakibara, S., Kikutani, H., Takagi, J.	2.1	X-RAY DIFFRACTION	0.185	0.163	False	True	IGHV4	IGLV2	Lambda	None	None	None	None	None
1mrf	H	L	0	L	nucleic-acid	 DI	2'-DEOXYINOSINE-5'-MONOPHOSPHATE	IMMUNOGLOBULIN	06/13/94	PREPARATION, CHARACTERIZATION AND CRYSTALLIZATION OF AN ANTIBODY FAB FRAGMENT THAT RECOGNIZES RNA. CRYSTAL STRUCTURES OF NATIVE FAB AND THREE FAB-MONONUCLEOTIDE COMPLEXES	MUS MUSCULUS	mus musculus	mus musculus	mus musculus	Pokkuluri, P.R., Cygler, M.	2.4	X-RAY DIFFRACTION	unknown	0.184	False	True	IGHV1	IGKV1	Kappa	None	None	None	None	None
1cbv	H	L	0	D	nucleic-acid	NA	dna (5'-d(*tp*tp*t)-3')	IMMUNE SYSTEM/DNA	03/16/93	AN AUTOANTIBODY TO SINGLE-STRANDED DNA: COMPARISON OF THE THREE-DIMENSIONAL STRUCTURES OF THE UNLIGANDED FAB AND A DEOXYNUCLEOTIDE-FAB COMPLEX	MUS MUSCULUS; SYNTHETIC CONSTRUCT		mus musculus	mus musculus	Herron, J.N., He, X.M., Ballard, D.W., Blier, P.R., Pace, P.E., Bothwell, A.L., Voss Jr., E.W., Edmundson, A.B.	2.66	X-RAY DIFFRACTION	unknown	0.191	False	True	IGHV10	IGKV1	Kappa	None	None	None	None	None
6x5m	h	l	0	r	nucleic-acid	NA	unknown	Immune System/RNA	05/26/20	Crystal structure of a stabilized PAN ENE bimolecular triplex with a GC-clamped polyA tail	MUS MUSCULUS; SYNTHETIC CONSTRUCT	mus musculus	mus musculus	synthetic construct	Swain, M., Li, M., Wlodawer, A., Le Grice, S.F.J.	2.5	X-RAY DIFFRACTION	0.279	0.207	False	False	IGHV3	IGKV1	Kappa	None	None	None	None	None
6x5m	H	L	0	R	nucleic-acid	NA	ggpan rna (39-mer)	Immune System/RNA	05/26/20	Crystal structure of a stabilized PAN ENE bimolecular triplex with a GC-clamped polyA tail	MUS MUSCULUS; SYNTHETIC CONSTRUCT	mus musculus	mus musculus	synthetic construct	Swain, M., Li, M., Wlodawer, A., Le Grice, S.F.J.	2.5	X-RAY DIFFRACTION	0.279	0.207	False	True	IGHV3	IGKV1	Kappa	None	None	None	None	None
6idg	H	L	0	A	nucleic-acid	64T	5-HYDROXY-THYMIDINE-5'-MONOPHOSPHATE	IMMUNE SYSTEM	09/10/18	antibody 64M-5 Fab in complex with dT(6-4)T	MUS MUSCULUS; SYNTHETIC CONSTRUCT	mus musculus	mus musculus	synthetic construct	Yokoyama, H., Mizutani, R., Noguchi, S., Hayashida, N.	2.0	X-RAY DIFFRACTION	0.240	0.192	False	False	IGHV1	IGKV1	Kappa	None	None	None	None	None
5e08	H	L	0	N	nucleic-acid	NA	rna	Immune system/RNA	09/28/15	Specific Recognition of a Single-stranded RNA Sequence by an Engineered Synthetic Antibody Fragment	HOMO SAPIENS; SYNTHETIC CONSTRUCT	homo sapiens	homo sapiens	synthetic construct	Huang, H., Qin, D., Li, N., Shao, Y., Staley, J.P., Kossiakoff, A.A., Koide, S., Piccirilli, J.A.	2.38	X-RAY DIFFRACTION	0.234	0.209	False	True	IGHV3	IGKV1	Kappa	None	None	None	None	None
3ivk	H	L	0	M	nucleic-acid	NA	class i ligase product	immune system / RNA	09/01/09	Crystal Structure of the Catalytic Core of an RNA Polymerase Ribozyme Complexed with an Antigen Binding Antibody Fragment	MUS MUSCULUS; SYNTHETIC CONSTRUCT	mus musculus	mus musculus		Koldobskaya, Y., Duguid, E.M., Shechner, D.M., Koide, S., Kossiakoff, A.A., Bartel, D.P., Piccirilli, J.A.	3.1	X-RAY DIFFRACTION	0.225	0.207	False	True	IGHV5	IGKV15	Kappa	None	None	None	None	None
3ivk	A	B	0	C	nucleic-acid	NA	class i ligase product	immune system / RNA	09/01/09	Crystal Structure of the Catalytic Core of an RNA Polymerase Ribozyme Complexed with an Antigen Binding Antibody Fragment	MUS MUSCULUS; SYNTHETIC CONSTRUCT	mus musculus	mus musculus		Koldobskaya, Y., Duguid, E.M., Shechner, D.M., Koide, S., Kossiakoff, A.A., Bartel, D.P., Piccirilli, J.A.	3.1	X-RAY DIFFRACTION	0.225	0.207	False	True	IGHV5	IGKV15	Kappa	None	None	None	None	None
1i8m	B	A	0	D	nucleic-acid	NA	5'-d(p*tp*t)-3'	IMMUNE SYSTEM/DNA	03/14/01	CRYSTAL STRUCTURE OF A RECOMBINANT ANTI-SINGLE-STRANDED DNA ANTIBODY FRAGMENT COMPLEXED WITH DT5	MUS MUSCULUS; SYNTHETIC CONSTRUCT	mus musculus	mus musculus		Tanner, J.J., Komissarov, A.A., Deutscher, S.L.	2.1	X-RAY DIFFRACTION	0.258	0.220	False	True	IGHV1	IGKV12	Kappa	None	None	None	None	None
1i8m	H	L	0	T	nucleic-acid	NA	5'-d(*tp*tp*tp*tp*t)-3'	IMMUNE SYSTEM/DNA	03/14/01	CRYSTAL STRUCTURE OF A RECOMBINANT ANTI-SINGLE-STRANDED DNA ANTIBODY FRAGMENT COMPLEXED WITH DT5	MUS MUSCULUS; SYNTHETIC CONSTRUCT	mus musculus	mus musculus		Tanner, J.J., Komissarov, A.A., Deutscher, S.L.	2.1	X-RAY DIFFRACTION	0.258	0.220	False	True	IGHV1	IGKV12	Kappa	None	None	None	None	None
6b3k	H	L	0	R	nucleic-acid	NA	rna (83-mer),rna (83-mer)	Immuny system/RNA	09/22/17	Spinach RNA aptamer_AGACC mutant-Fab BL3-6 complex	MUS MUSCULUS; SYNTHETIC CONSTRUCT	mus musculus	mus musculus	synthetic construct	DasGupta, S., Koirala, D., Shelke, S.A., Piccirilli, J.A.	2.09	X-RAY DIFFRACTION	0.226	0.193	False	True	IGHV3	IGKV1	Kappa	None	None	None	None	None
1ehl	H	L	0	A	nucleic-acid	NA	5'-(d(5ht)p*(6-4)t)-3'	IMMUNE SYSTEM	02/21/00	64M-2 ANTIBODY FAB COMPLEXED WITH D(5HT)(6-4)T	MUS MUSCULUS; SYNTHETIC CONSTRUCT	mus musculus	mus musculus		Yokoyama, H., Mizutani, R., Satow, Y., Komatsu, Y., Ohtsuka, E., Nikaido, O.	2.4	X-RAY DIFFRACTION	0.279	0.192	False	False	IGHV1	IGKV1	Kappa	None	None	None	None	None
6mwn	C	D	0	B	nucleic-acid	NA	hav dv rna (92-mer)	RNA/Immune System	10/29/18	Crystal structure of hepatitis A virus IRES domain V in complex with Fab HAVx	HOMO SAPIENS; SYNTHETIC CONSTRUCT	homo sapiens	homo sapiens	hepatovirus a	Koirala, D., Shao, Y., Piccirilli, J.A.	2.838	X-RAY DIFFRACTION	0.252	0.186	False	True	IGHV3	IGKV1	Kappa	None	None	None	None	None
6mwn	H	L	0	A	nucleic-acid	NA	hav dv rna (92-mer)	RNA/Immune System	10/29/18	Crystal structure of hepatitis A virus IRES domain V in complex with Fab HAVx	HOMO SAPIENS; SYNTHETIC CONSTRUCT	homo sapiens	homo sapiens	hepatovirus a	Koirala, D., Shao, Y., Piccirilli, J.A.	2.838	X-RAY DIFFRACTION	0.252	0.186	False	True	IGHV3	IGKV1	Kappa	None	None	None	None	None
4kze	H	L	0	R	nucleic-acid	NA	rna (84-mer)	immune system/rna	05/29/13	Crystal structure of an RNA aptamer in complex with Fab	MUS MUSCULUS; SYNTHETIC CONSTRUCT	mus musculus	mus musculus		Huang, H., Suslov, N.B., Li, N., Koldobskaya, Y., Rice, P.A., Piccirilli, J.A.	2.404	X-RAY DIFFRACTION	0.224	0.186	False	True	IGHV3	IGKV1	Kappa	None	None	None	None	None
4kzd	H	L	0	R	nucleic-acid	NA	rna (84-mer)	immune system/rna	05/29/13	Crystal structure of an RNA aptamer in complex with fluorophore and Fab	MUS MUSCULUS; SYNTHETIC CONSTRUCT		mus musculus		Huang, H., Suslov, N.B., Li, N., Koldobskaya, Y., Rice, P.A., Piccirilli, J.A.	2.186	X-RAY DIFFRACTION	0.211	0.179	False	True	IGHV3	IGKV1	Kappa	None	None	None	None	None
1mre	H	L	0	L	nucleic-acid	GDP	GUANOSINE-5'-DIPHOSPHATE	IMMUNOGLOBULIN	06/13/94	PREPARATION, CHARACTERIZATION AND CRYSTALLIZATION OF AN ANTIBODY FAB FRAGMENT THAT RECOGNIZES RNA. CRYSTAL STRUCTURES OF NATIVE FAB AND THREE FAB-MONONUCLEOTIDE COMPLEXES	MUS MUSCULUS	mus musculus	mus musculus	mus musculus	Pokkuluri, P.R., Cygler, M.	2.3	X-RAY DIFFRACTION	unknown	0.192	False	True	IGHV1	IGKV1	Kappa	None	None	None	None	None
6db9	H	L	0	R	nucleic-acid	NA	rna (60-mer)	RNA/Immune System	05/02/18	Structural basis for promiscuous binding and activation of fluorogenic dyes by DIR2s RNA aptamer	SYNTHETIC CONSTRUCT; SYNTHETIC CONSTRUCT	synthetic construct	synthetic construct	synthetic construct	Shao, Y., Shelke, S.A., Laski, A., Piccirilli, J.A.	2.025	X-RAY DIFFRACTION	0.257	0.230	False	True	IGHV3	IGKV1	Kappa	None	None	None	None	None
6x5n	H	L	0	R	nucleic-acid	NA	ggpan rna (39-mer)	Immune System/RNA	05/26/20	Crystal structure of a stabilized PAN ENE bimolecular triplex with a GC-clamped polyA tail	MUS MUSCULUS; SYNTHETIC CONSTRUCT	mus musculus	mus musculus	synthetic construct	Swain, M., Li, M., Woldawer, A., LeGrice, S.F.J.	3.3	X-RAY DIFFRACTION	0.267	0.180	False	True	IGHV3	IGKV1	Kappa	None	None	None	None	None
6x5n	h	l	0	r	nucleic-acid	NA	unknown	Immune System/RNA	05/26/20	Crystal structure of a stabilized PAN ENE bimolecular triplex with a GC-clamped polyA tail	MUS MUSCULUS; SYNTHETIC CONSTRUCT	mus musculus	mus musculus	synthetic construct	Swain, M., Li, M., Woldawer, A., LeGrice, S.F.J.	3.3	X-RAY DIFFRACTION	0.267	0.180	False	False	IGHV3	IGKV1	Kappa	None	None	None	None	None
6u8d	H	L	0	A	nucleic-acid	NA	jiiiabc rna (68-mer)	RNA/Immune System	09/04/19	Crystal structure of hepatitis C virus IRES junction IIIabc in complex with Fab HCV2	HOMO SAPIENS; SYNTHETIC CONSTRUCT	homo sapiens	homo sapiens	hepacivirus c	Koirala, D., Lewicka, A., Koldobskaya, Y., Huang, H., Piccirilli, J.A.	1.807	X-RAY DIFFRACTION	0.209	0.174	False	True	IGHV3	IGKV1	Kappa	None	None	None	None	None
6u8k	F	G	0	C	nucleic-acid	NA	jiiiabc rna (68-mer)	RNA/Immune System	09/05/19	Crystal structure of hepatitis C virus IRES junction IIIabc in complex with Fab HCV3	HOMO SAPIENS; SYNTHETIC CONSTRUCT	homo sapiens	homo sapiens	hepacivirus c	Koirala, D., Lewicka, A., Koldobskaya, Y., Huang, H., Piccirilli, J.A.	2.75	X-RAY DIFFRACTION	0.222	0.186	False	True	IGHV3	IGKV1	Kappa	None	None	None	None	None
6u8k	H	L	0	A	nucleic-acid	NA	jiiiabc rna (68-mer)	RNA/Immune System	09/05/19	Crystal structure of hepatitis C virus IRES junction IIIabc in complex with Fab HCV3	HOMO SAPIENS; SYNTHETIC CONSTRUCT	homo sapiens	homo sapiens	hepacivirus c	Koirala, D., Lewicka, A., Koldobskaya, Y., Huang, H., Piccirilli, J.A.	2.75	X-RAY DIFFRACTION	0.222	0.186	False	True	IGHV3	IGKV1	Kappa	None	None	None	None	None
6u8k	D	E	0	B	nucleic-acid	NA	jiiiabc rna (68-mer)	RNA/Immune System	09/05/19	Crystal structure of hepatitis C virus IRES junction IIIabc in complex with Fab HCV3	HOMO SAPIENS; SYNTHETIC CONSTRUCT	homo sapiens	homo sapiens	hepacivirus c	Koirala, D., Lewicka, A., Koldobskaya, Y., Huang, H., Piccirilli, J.A.	2.75	X-RAY DIFFRACTION	0.222	0.186	False	True	IGHV3	IGKV1	Kappa	None	None	None	None	None
3vw3	H	L	0	A | B | A	nucleic-acid | nucleic-acid | nucleic-acid	64T | NA | NA	5-HYDROXY-THYMIDINE-5'-MONOPHOSPHATE | dna (5'-d(*cp*cp*cp*gp*tp*cp*cp*ap*tp*ap*ap*tp*cp*ap*cp*tp*cp*g)-3')  | dna (5'-d(*gp*cp*gp*ap*gp*tp*gp*ap*(64t)p*(5py)p*ap*tp*gp*gp*ap*cp*gp*g)-3') 	IMMUNE SYSTEM/DNA	07/30/12	Antibody 64M-5 Fab in complex with a double-stranded DNA (6-4) photoproduct	MUS MUSCULUS; SYNTHETIC CONSTRUCT	mus musculus	mus musculus	 |  | 	Yokoyama, H., Mizutani, R., Satow, Y.	2.5	X-RAY DIFFRACTION	0.290	0.247	False	False	IGHV1	IGKV1	Kappa	None	None	None
1xf2	B	A	0	NA	NA	NA	NA	IMMUNE SYSTEM/DNA	09/13/04	Structure of Fab DNA-1 complexed with dT3	MUS MUSCULUS; SYNTHETIC CONSTRUCT	mus musculus	mus musculus		Schuermann, J.P., Prewitt, S.P., Deutscher, S.L., Tanner, J.J.	2.3	X-RAY DIFFRACTION	0.242	0.202	False	True	IGHV1	IGKV12	Kappa	None	None	None	None	None
1xf2	H	L	0	T	nucleic-acid	NA	5'-d(*tp*tp*t)-3'	IMMUNE SYSTEM/DNA	09/13/04	Structure of Fab DNA-1 complexed with dT3	MUS MUSCULUS; SYNTHETIC CONSTRUCT	mus musculus	mus musculus		Schuermann, J.P., Prewitt, S.P., Deutscher, S.L., Tanner, J.J.	2.3	X-RAY DIFFRACTION	0.242	0.202	False	True	IGHV1	IGKV12	Kappa	None	None	None	None	None
2r8s	H	L	0	R	nucleic-acid	NA	p4-p6 rna ribozyme domain	IMMUNE SYSTEM/RNA	09/11/07	High resolution structure of a specific synthetic FAB bound to P4-P6 RNA ribozyme domain	MUS MUSCULUS; SYNTHETIC CONSTRUCT	mus musculus	mus musculus		Ye, J.D., Tereshko, V., Sidhu, S.S., Koide, S., Kossiakoff, A.A., Piccirilli, J.A.	1.95	X-RAY DIFFRACTION	0.226	0.195	False	False	IGHV3	IGKV1	Kappa	None	None	None	None	None
